<?xml version="1.0" encoding="UTF-8"?>
<schema version="4.0.0">
    <table name="xchat_balance">
        <field name="balance_id" type="int" unsigned="1" notnull="1" extra="auto_increment"/>
        <field name="customer_id" type="int" unsigned="1" notnull="1"/>
        <field name="model_id" type="int" unsigned="1" notnull="1"/>
        <field name="balance" type="decimal" len="12,2" default="0"/>
        <field name="auth_token" type="varchar" len="255" notnull="1"/>
        <index name="PRIMARY" unique="1">
            <field name="balance_id"/>
        </index>
        <index name="customer_model">
            <field name="customer_id" />
            <field name="model_id" />
        </index>
    </table>
</schema>